deal_id,start_date,min_req,treatment,prom_length,price,discount_pct,coupon_duration,featured,limited_supply,fb_likes,quantity_sold,revenue
heli-flights,9/23/2011,10,1,4,99,51,185,1,1,290,540,53460
gl-champion-series-tennis-electric-factory,9/23/2011,20,1,2,95,41,9,0,1,43,190,18050
realm-of-terror-horror-experience,9/23/2011,50,1,3,25,50,38,0,1,208,380,9500
newport-gourmet,9/23/2011,15,1,3,50,50,369,0,1,16,90,4500
the-clayroom,9/23/2011,20,1,4,25,52,185,0,1,85,580,14500
connors-farm,9/24/2011,25,1,4,19,50,36,1,0,342,1000,19000
urban-kayaks-1,9/24/2011,20,1,2,30,50,266,0,1,90,820,24600
bell-view-acres-chicago,9/24/2011,5,1,3,49,53,369,0,1,25,160,7840
slice-of-chicago-pizza,9/25/2011,25,1,2,22,51,56,0,1,71,260,5720
make-a-messterpiece-2,9/25/2011,75,1,3,11,50,81,0,1,150,1000,11000
odyssey-fun-farm,9/25/2011,50,1,2,10,50,37,0,1,289,1000,10000
witches-cottage,9/25/2011,20,1,6,10,58,33,0,0,149,230,2300
astoria-bowl-nyc-1,10/4/2011,25,1,3,9,50,186,0,1,71,510,4590
nj-childrens-museum-2,10/5/2011,15,1,3,10,50,186,0,1,30,280,2800
outdoor-bound-adventures-ny-1,10/6/2011,10,1,4,29,52,368,0,1,123,330,9570
peoples-choice-family-fun,10/6/2011,25,1,2,18,63,186,0,1,65,330,5940
school-products-yarn,10/6/2011,25,1,4,25,50,185,0,1,87,640,16000
studio-maya-nyc,10/6/2011,20,1,3,39,61,369,0,0,4,100,3900
bev-art,10/7/2011,25,1,3,49,51,186,0,1,70,270,13230
csi-experience-nyc,10/7/2011,20,1,4,14,50,43,1,1,240,1000,14000
imagine-lifestyles,10/7/2011,50,1,4,159,68,36,0,1,1089,1000,159000
east-somerville-foodie-crawl,10/8/2011,10,1,5,20,60,15,1,1,185,460,9200
heaven-hill-farm-new-york,10/9/2011,20,1,3,5,50,19,0,1,56,100,500
stylefixx-boston,10/9/2011,10,1,4,15,50,2,0,1,99,480,7200
gl-stand-up-for-charity,10/10/2011,10,1,3,34,51,16,0,1,46,120,4080
liberty-science-center-nyc-1,10/10/2011,20,1,3,7,53,68,0,1,26,90,630
creepy-hallow-halloween-fun-park,10/10/2011,10,1,2,12,50,22,0,1,88,320,3840
devils-haven-haunted-house,10/11/2011,10,1,2,20,50,21,0,0,200,550,11000
gl-walk-in-the-woods-timeline-theatre-company,10/11/2011,10,1,3,15,56,24,0,1,35,90,1350
north-wall-chicago,10/12/2011,25,1,2,35,56,217,0,1,39,250,8750
harlem-lanes-nyc,10/12/2011,10,1,3,10,57,186,0,0,124,530,5300
gl-skokie-valley,10/13/2011,10,1,3,18,51,3,0,0,8,110,1980
westgate-lanes-1,10/13/2011,10,1,5,28,51,186,0,1,121,450,12600
gl-columbia-football,10/13/2011,10,1,3,10,50,16,0,1,59,100,1000
chicago-chocolate-tour,10/13/2011,300,1,2,22,45,369,1,1,435,1000,22000
nightmare-on-clark-street,10/13/2011,3,1,2,12,60,3,0,1,254,220,2640
manhattan-helicopters-1,10/14/2011,20,1,4,149,32,186,1,1,196,340,50660
heart-in-hands,10/14/2011,5,1,5,20,50,369,0,0,38,70,1400
dusable-museum,10/14/2011,15,1,3,30,50,369,0,1,85,230,6900
rusty-wallace-boston,10/15/2011,5,1,4,64,50,430,0,1,43,100,6400
little-shop-of-crafts-4,10/15/2011,15,1,3,15,50,126,0,1,35,520,7800
gl-musical-living-dead-cowardly-scarecrow,10/17/2011,5,1,2,12,52,4,0,1,47,70,840
gl-smokers-club-tour-react-presents,10/17/2011,10,1,3,13,55,10,0,1,268,470,6110
midamerica-raceway-and-hobbies,10/17/2011,25,1,2,20,50,186,0,0,20,300,6000
gl-dom-irrera-wilbur-theatre,10/17/2011,5,1,2,19,50,5,0,1,2,20,380
manhattan-ballroom-dance-1,10/17/2011,25,1,3,29,64,186,0,1,33,240,6960
cobble-hill-cinemas-1,10/17/2011,25,1,3,15,59,95,0,1,75,1000,15000
bronx-haunted-house,10/18/2011,10,1,3,5,50,14,0,0,115,200,1000
glenwood-roller-rink,10/18/2011,10,1,3,12,52,73,0,1,31,110,1320
rotorzen-helicopters-chi,10/18/2011,5,1,2,199,50,369,0,1,30,120,23880
gl-george-jones-genesee-theatre-1,10/19/2011,10,1,2,25,55,11,0,1,23,70,1750
gl-national-event-partners-2,10/19/2011,10,1,3,110,60,18,0,1,728,280,30800
gl-mercury-theater,10/19/2011,15,1,2,15,50,3,0,1,43,50,750
dhoonya-dance-nyc,10/19/2011,20,1,3,35,56,186,0,0,71,270,9450
merchants-house-museum,10/20/2011,50,1,3,5,50,131,0,1,54,310,1550
save-the-bay-boston,10/20/2011,15,1,5,15,52,180,0,0,7,30,450
pickwick-theatre-3,10/20/2011,200,1,2,15,46,57,0,1,100,1000,15000
ecotarium-boston,10/22/2011,20,1,5,12,50,172,0,1,51,250,3000
massacre-haunted-house-chicago,10/22/2011,15,1,3,17,51,9,1,0,75,410,6970
chicago-race-factory-1,10/23/2011,25,1,3,30,59,186,1,0,250,960,28800
south-shore-pottery-1,10/23/2011,15,1,5,25,55,186,0,0,50,120,3000
stratagem-laser-missions,10/25/2011,20,1,4,20,60,185,0,1,113,530,10600
micro-ice-training-center,10/25/2011,10,1,5,28,50,95,0,1,16,70,1960
strike-10-lanes,10/26/2011,10,1,3,6,54,186,0,0,59,470,2820
gl-nutcracker-noble-horse,10/27/2011,25,1,2,11,50,67,0,0,102,1000,11000
tristate-speedway-1,10/27/2011,10,1,5,20,56,124,0,0,70,320,6400
tango-21,10/30/2011,25,1,2,25,55,185,0,0,41,280,7000
great-american-cooking-expo,10/30/2011,25,1,3,20,50,13,0,1,148,1000,20000
competitive-athlete-training-zone,10/31/2011,10,1,5,35,84,124,0,1,70,720,25200
ultimate-battleground,10/31/2011,5,1,4,25,50,369,0,1,92,100,2500
hollywood-stunts-nyc,10/31/2011,15,1,3,19,58,185,0,0,129,300,5700
novembeerfest,11/1/2011,10,1,2,10,50,19,0,1,168,420,4200
haunted-house-nyc-1,11/2/2011,5,1,2,15,50,2,0,1,58,120,1800
irish-american-news-inc,11/2/2011,20,1,3,20,50,11,0,1,60,90,1800
imagine-that-nyc,11/3/2011,5,1,3,10,52,185,0,0,15,90,900
bella-voce-chicago,11/6/2011,10,1,2,30,50,14,0,1,34,210,6300
jump-zone-chicago-2,11/6/2011,250,1,3,30,50,95,0,1,279,1000,30000
gl-shake-rattle-roll,11/6/2011,20,1,3,26,62,237,0,0,66,240,6240
the-peoples-choice-family-fun-center,11/6/2011,25,1,3,39,63,185,0,1,49,190,7410
chicago-blues-bluegrass-festival,11/7/2011,25,1,3,40,49,75,0,1,561,460,18400
cooks-arts-crafts-shoppe-1,11/7/2011,10,1,2,25,55,185,0,1,39,70,1750
aurora-roller-skate-center,11/7/2011,25,1,2,12,73,185,0,1,113,450,5400
the-clayroom-boston,11/8/2011,20,1,6,45,55,363,0,1,39,130,5850
hitting-zone-chicago,11/8/2011,20,1,2,12,52,124,0,1,19,220,2640
international-museum-surgical-science,11/8/2011,15,1,3,20,50,369,0,1,65,300,6000
lahouts-country-clothing-and-ski-shop,11/9/2011,15,1,7,20,56,185,0,1,14,80,1600
gl-illinois-philharmonic-orchestra,11/9/2011,5,1,2,25,55,12,0,1,7,50,1250
cvcinemart-enterprises-nyc,11/9/2011,25,1,3,9,59,189,0,1,182,1000,9000
cpx-sports-paintball-3,11/9/2011,25,1,3,30,67,185,0,1,352,710,21300
gl-big-east-new-york,11/9/2011,5,1,2,15,58,3,0,1,52,70,1050
one-stop-fun-boston-2,11/10/2011,25,1,5,25,50,186,0,1,131,590,14750
gl-irving-plaza-english-beat,11/10/2011,5,1,2,19,50,10,0,1,17,60,1140
krush-skate-park,11/11/2011,25,1,3,12,50,185,0,1,54,200,2400
glowgolf-2,11/12/2011,40,1,5,16,56,191,0,1,140,1000,16000
homewoodflossmoor-ice-arena,11/12/2011,10,1,3,14,50,158,0,1,22,200,2800
gl-tap-root-shop-class,11/14/2011,10,1,2,7,50,4,0,1,79,60,420
illinois-holocaust-museum-1,11/14/2011,100,1,3,6,50,184,0,0,249,5000,30000
staten-island-skating-pavilion-2,11/14/2011,10,1,2,14,50,129,0,1,42,160,2240
gl-andre-rieu-verizon-wireless-arena,11/15/2011,5,1,6,44,50,7,0,1,20,210,9240
gl-ticketcity-legends-classic-nyc,11/15/2011,10,1,2,17,51,371,0,1,24,80,1360
gl-chicago-express-hockey,11/15/2011,10,1,2,19,54,2,0,1,20,130,2470
gl-house-of-hope-chicago,11/15/2011,10,1,2,19,51,4,0,1,169,450,8550
village-divers-new-york,11/15/2011,20,1,3,20,83,190,0,1,99,240,4800
museum-of-sex-new-york,11/15/2011,25,1,6,19,50,187,1,1,1354,5000,95000
boston-tower-hill,11/15/2011,20,1,6,11,52,187,0,1,34,520,5720
gl-la-boheme-american-chamber-opera,11/16/2011,10,1,2,20,50,4,0,1,136,70,1400
gl-irving-plaza-architecture,11/16/2011,5,1,2,15,48,3,0,1,36,90,1350
boston-amesbury-sports-park,11/16/2011,50,1,3,24,50,93,1,1,603,1000,24000
rocket-ice-arena-1-chicago,11/16/2011,50,1,2,8,56,190,0,1,109,1000,8000
rialto-square-theatre,11/16/2011,20,1,2,17,55,7,0,1,52,290,4930
queens-archery,11/16/2011,20,1,3,14,53,189,0,0,536,1000,14000
aviator-sports-and-events-center-1,11/17/2011,15,1,3,12,54,165,0,1,98,730,8760
gl-architecture-helsinki-metro,11/17/2011,10,1,2,17,60,5,0,1,98,90,1530
medieval-times,11/17/2011,25,1,2,39,42,2,0,1,489,710,27690
got-air-scuba,11/18/2011,10,1,3,22,71,317,0,0,107,340,7480
grand-prix-nyc,11/18/2011,10,1,3,19,61,187,1,1,332,1000,19000
tafts-tackle-and-charter-services,11/18/2011,5,1,6,79,74,107,0,1,71,130,10270
gl-peter-pan-city-hall-plaza,11/19/2011,35,1,7,100,50,9,1,1,147,850,85000
sledventures-boston,11/20/2011,20,1,5,79,47,108,0,1,139,410,32390
gl-baroque-garden-of-roses-chamber-orchestra-nyc,11/21/2011,5,1,3,20,50,12,0,1,17,120,2400
monster-mini-golf-boston-2,11/21/2011,5,1,5,16,50,371,0,0,65,540,8640
la-grange-theatre-chicago,11/21/2011,100,1,4,5,55,190,0,1,204,5000,25000
gl-boston-college,11/21/2011,50,1,3,8,47,9,1,1,56,1000,8000
zip-aviation-new-york,11/22/2011,10,1,4,149,39,130,1,0,60,280,41720
kendall-square-ice-skating,11/22/2011,50,1,6,14,53,493,1,0,276,1000,14000
chicago-school-of-shoemaking,11/23/2011,5,1,6,35,53,186,0,1,52,70,2450
city-ice-pavilion-1-ny,11/23/2011,25,1,3,6,54,99,0,0,221,1000,6000
beadles-1-boston,11/23/2011,25,1,4,20,50,188,0,0,34,330,6600
leafs-ice-centre,11/24/2011,10,1,4,10,50,187,0,0,24,430,4300
chicagos-finest-river-walk-tour-1,11/26/2011,15,1,5,20,50,154,1,1,80,1000,20000
gl-second-city,11/28/2011,250,1,4,35,50,103,1,1,142,1000,35000
craftboston-holiday,11/28/2011,10,1,5,15,50,11,0,1,44,250,3750
gauntlet-warbirds-chicago-4,11/29/2011,5,1,3,234,40,277,0,1,95,120,28080
chicago-botanic-garden-3,11/29/2011,100,1,3,30,54,17,1,1,258,1000,30000
nashoba-valley-ski-area,11/29/2011,10,1,5,27,50,97,0,1,248,1000,27000
shedd-aquarium-3,11/30/2011,300,1,3,32,49,23,1,1,1254,5000,160000
gl-le-dance-on-stage-at-kingsborough,11/30/2011,3,1,3,16,52,3,0,1,9,50,800
gl-radio-city-christmas-msge,12/1/2011,10,1,5,42,51,5,1,1,154,5000,210000
ocean-explorium-1-boston,12/1/2011,15,1,5,15,52,375,0,0,10,170,2550
charmingfare-farm-2,12/1/2011,5,1,5,30,50,20,0,1,25,90,2700
glenwood-roller-rink-and-tinley-park-roller-rink,12/2/2011,10,1,3,12,52,61,0,1,35,240,2880
gl-wearing-lorcas-tie-aeny-el-puente,12/2/2011,5,1,3,20,50,6,0,1,21,30,600
gx-melrose-park-indoor-grand-prix,12/2/2011,50,1,7,25,73,723,0,0,124,1000,25000
museum-of-contemporary-art-4,12/2/2011,50,1,4,35,53,210,1,1,122,1000,35000
gl-midtown-theater,12/2/2011,3,1,2,29,51,3,0,1,19,80,2320
joyce-walks-chicago-2,12/3/2011,10,1,3,25,50,119,1,1,20,90,2250
gl-nyc-dueling-pianos,12/3/2011,10,1,3,25,58,84,0,0,20,200,5000
scuba-sensations,12/3/2011,3,1,4,39,51,374,0,1,34,130,5070
unity-temple-1,12/4/2011,15,1,2,10,50,130,1,1,31,890,8900
luke-adams-glass-2,12/4/2011,15,1,4,95,50,373,0,1,58,500,47500
gl-kenny-rogers-genesee-theatre,12/5/2011,5,1,3,29,50,8,0,1,44,280,8120
gx-cape-ann-whale-watch-boston,12/5/2011,10,1,8,58,40,325,0,0,16,290,16820
gl-ralphs-world,12/5/2011,5,1,4,29,44,5,0,1,66,70,2030
fun-station,12/5/2011,10,1,2,10,47,94,0,1,18,130,1300
the-badlandz,12/6/2011,35,1,3,23,50,207,0,1,52,260,5980
gl-chicago-a-cappella,12/6/2011,5,1,2,14,50,4,0,1,12,110,1540
the-new-400-theater-1-chicago,12/6/2011,50,1,3,14,50,190,0,1,179,1000,14000
gl-lawlawpalooza-chicago-bar-association,12/6/2011,5,1,2,22,51,2,0,1,36,90,1980
stambrys-crecent-moon-soap-company,12/7/2011,5,1,5,45,50,174,0,1,16,150,6750
rialto-square-theatre-1,12/7/2011,25,1,2,21,59,4,0,1,22,340,7140
sky-high-sports,12/8/2011,25,1,2,9,53,189,0,1,224,5000,45000
gl-rosemont-theatre,12/8/2011,5,1,4,30,51,8,0,1,6,20,600
melrose-park-indoor-grand-prix-1-chicago,12/9/2011,50,1,3,25,73,720,0,0,90,1000,25000
lahouts-country-clothing-and-ski-shop-1,12/9/2011,15,1,6,30,50,109,0,1,16,110,3300
vendetta-paintball-3,12/9/2011,10,1,4,15,57,186,0,0,75,300,4500
gl-teatro-luna,12/9/2011,2,1,3,11,52,1,0,1,61,60,660
bobbys-bike-hike-chicago-2,12/10/2011,10,1,3,49,51,327,0,1,2,70,3430
gl-surround-sound-ngine-media-group,12/10/2011,10,1,3,30,57,7,0,1,6,80,2400
chicago-photo-safaris-3,12/11/2011,25,1,3,59,50,386,1,0,57,600,35400
gl-elmhurst-symphony-orchestra,12/12/2011,4,1,3,18,50,34,0,1,8,10,180
whitestone-lanes-1-ny,12/12/2011,15,1,3,9,53,191,0,1,66,530,4770
art-glass-and-more,12/12/2011,5,1,3,70,52,191,0,1,22,140,9800
shedd-aquarium-4,12/12/2011,300,1,2,20,50,8,1,1,375,1000,20000
gl-windy-city-circus,12/13/2011,25,1,3,42,52,70,1,1,44,25,1050
boston-battlegroundz-paintball,12/13/2011,10,1,5,39,64,188,0,1,169,470,18330
centennial-ice-arena-in-highland-park,12/14/2011,25,1,2,9,50,165,0,1,24,210,1890
gl-chicago-blackhawks-1,12/14/2011,10,1,3,110,60,19,1,1,438,10,1100
cape-ann-lanes-1,12/14/2011,10,1,4,35,59,188,0,1,19,180,6300
circle-of-stones-chicago-1,12/15/2011,10,1,2,30,54,252,0,1,5,80,2400
victory-archers-1-ny,12/15/2011,5,1,4,10,50,187,0,1,31,440,4400
metropolitan-room,12/15/2011,20,1,4,49,60,124,0,1,9,170,8330
d-d-dive-shop,12/15/2011,5,1,2,160,51,161,0,1,10,50,8000
whaleback,12/15/2011,5,1,5,40,50,130,1,0,56,210,8400
wilmette-theatre-chicago,12/16/2011,50,1,3,12,50,187,0,1,28,1000,12000
cornerstone-ranch-boston-4,12/16/2011,25,1,4,22,54,186,1,1,54,520,11440
gx-chicagoland-skydiving-center,12/16/2011,15,1,7,125,46,193,0,0,173,540,67500
chicago-detours-2,12/17/2011,50,1,3,25,52,158,1,1,30,830,20750
monkey-zone-chicago,12/17/2011,25,1,3,10,55,186,0,1,25,620,6200
gl-harvard-athletics,12/18/2011,25,1,4,16,47,3,0,1,15,240,3840
fun-city-new-york,12/18/2011,10,1,3,19,62,129,0,1,37,330,6270
xtreme-trampolines-1,1/10/2012,50,1,2,17,55,112,0,0,469,1000,17000
custom-rides-car-show,1/10/2012,5,1,2,12,54,13,0,1,62,490,5880
the-discovery-museums-1,1/10/2012,10,1,4,21,50,141,0,0,106,720,15120
jenks-productions-boston,1/10/2012,15,1,7,12,50,8,0,0,11,130,1560
gl-loyola-mens-basketball,1/14/2012,15,1,3,15,61,5,0,1,16,150,2250
gl-gorilla-tango-theatre,1/16/2012,50,1,3,20,50,102,0,1,99,420,8400
gl-mckay-arts-management,1/17/2012,2,1,2,12,75,4,0,1,3,10,120
frames-bowling-lounge-1,1/17/2012,50,1,6,26,52,124,1,0,138,1000,26000
gl-dominican-university,1/18/2012,10,1,2,12,56,11,0,1,11,30,360
gl-webster-hall,1/20/2012,10,1,3,10,79,187,0,1,73,420,4200
cornerstone-ranch-boston-6,1/21/2012,25,1,4,22,54,185,0,0,30,170,3740
gl-made-in-america-lsso,1/23/2012,3,1,2,9,50,7,0,1,8,40,360
gl-ph-productions,1/24/2012,50,1,3,10,55,99,0,0,49,240,2400
gl-romantic-abandon-renovo,1/30/2012,4,1,2,25,51,12,0,1,7,20,500
gl-dance-chicago,1/31/2012,5,1,3,28,50,14,0,1,32,30,840
pickwick-theatre-chicago-1,1/31/2012,200,1,4,15,46,85,0,0,81,1000,15000
wild-fun-center,2/2/2012,25,1,3,16,50,188,0,0,14,170,2720
gl-loyola-mens-basketball-chicago,2/7/2012,15,1,2,15,61,5,0,1,10,50,750
gl-gingerbread-house-red-tape,2/7/2012,3,1,2,12,54,4,0,1,20,40,480
gl-harlem-globetrotters-nyc,2/7/2012,25,1,3,39,45,11,0,1,12,210,8190
gl-northeastern-mens-basketball,2/8/2012,10,1,4,10,50,125,0,1,13,90,900
gl-windy-city-circus-1,2/11/2012,25,1,4,20,50,5,0,1,17,25,500
lets-go-paragliding,2/14/2012,25,1,6,99,58,73,0,1,102,190,18810
spare-time-chicago-3,6/11/2012,25,1,4,12,74,166,0,0,118,1000,12000
dc-gmt-slice-chicago-tours,6/27/2012,20,1,7,22,51,106,0,1,250,470,10340
slice-of-chicago-pizza-tours-3,7/24/2012,20,1,3,22,51,83,0,1,52,310,6820
3rd-coast-cruising-1,5/18/2012,1,0,3,75,50,378,1,1,4,50,3750
516-skydive-new-york,4/30/2012,1,0,7,145,39,170,0,1,1226,900,130500
92nd-st-y-nyc,2/16/2012,1,0,3,29,82,125,0,0,30,1000,29000
above-all-cruises-ny,6/6/2012,1,0,4,39,51,207,0,1,92,900,35100
adaptive-adventures,4/14/2012,1,0,3,10,0,5,0,1,0,20,200
adirondack-tubing-adventures-3,5/17/2012,1,0,5,22,49,106,0,1,11,40,880
affairs-afloat-2,4/28/2012,1,0,4,9,63,157,0,1,398,1000,9000
air-ventures-new-york-1,2/9/2012,1,0,7,299,46,205,0,0,17,30,8970
american-flyers-2,7/31/2012,1,0,4,149,62,364,0,1,35,320,47680
american-princess-cruises-1,1/23/2012,1,0,3,13,52,83,0,0,62,410,5330
amf-bowling-chicago,5/27/2012,1,0,3,15,64,84,0,0,15,280,4200
amf-bowling-new-york,4/30/2012,1,0,3,15,64,90,0,0,40,490,7350
amf-new-york,6/4/2012,1,0,4,15,64,75,0,0,47,320,4800
ballymeade-country-club-2,2/1/2012,1,0,4,80,50,370,1,0,43,840,67200
battleground-z-paintball,6/27/2012,1,0,4,39,64,186,0,1,92,90,3510
berry-dive-center-1,7/21/2012,1,0,6,157,50,92,0,1,27,60,9420
biplane-rides-over-atlanta-inc-1,5/13/2012,1,0,5,87,50,153,0,1,17,2,174
blastcamp-paintball,1/21/2012,1,0,3,39,61,186,0,1,64,150,5850
boating-in-boston-6,7/2/2012,1,0,5,35,53,61,1,1,64,300,10500
boobs-and-tubes-1,6/30/2012,1,0,3,119,51,28,0,0,52,10,1190
boston-chocolate-walking-tours-2,7/28/2012,1,0,6,20,50,365,0,1,88,680,13600
boston-firearms,5/10/2012,1,0,5,35,59,249,0,1,257,710,24850
boston-gliders-3,2/14/2012,1,0,5,30,50,379,1,0,80,910,27300
boston-harbor-cruises-5,7/9/2012,1,0,5,28,42,74,0,1,113,1000,28000
boston-night-tour-salem,6/5/2012,1,0,5,13,50,207,0,1,118,1000,13000
boston-photo-walks-3,7/3/2012,1,0,6,29,52,187,0,1,6,50,1450
boston-strolls-1,6/16/2012,1,0,5,14,53,156,0,1,17,50,700
bowl-o-rama,4/28/2012,1,0,4,29,64,157,0,1,32,240,6960
brockton-rox,7/8/2012,1,0,5,16,50,30,0,1,23,150,2400
brooklyn-creative,1/27/2012,1,0,3,35,61,187,0,0,18,80,2800
calvo-studio-1,6/14/2012,1,0,5,79,65,44,0,1,14,20,1580
cambridge-historical-tours,6/2/2012,1,0,5,15,50,88,0,1,26,400,6000
canlan-ice-sports-6,7/18/2012,1,0,4,148,51,8,0,1,13,10,1480
cape-ann-lanes-2,5/29/2012,1,0,5,35,59,188,0,1,10,180,6300
capt-john-whale-watching,6/19/2012,1,0,5,53,41,101,0,1,171,1000,53000
caravan-beads-of-chicago-2,1/23/2012,1,0,3,25,50,100,0,1,21,260,6500
cartland-cape-cod-1,7/28/2012,1,0,5,21,51,32,0,1,52,460,9660
central-park-sightseeing-1,5/31/2012,1,0,4,10,50,187,0,1,144,1000,10000
ceramics-a-la-carte-1,1/15/2012,1,0,4,20,50,106,0,1,14,250,5000
chaino-lakes-riding-stable,6/23/2012,1,0,3,7,50,127,0,0,169,1000,7000
charles-river-canoe-kayak-3,6/18/2012,1,0,5,55,50,111,0,1,99,370,20350
charles-river-museum-industry,2/7/2012,1,0,4,7,50,189,0,1,19,420,2940
checkered-flag-indoor-karting-2,7/31/2012,1,0,5,35,63,86,0,1,39,260,9100
chicago-artists-coalition,10/31/2011,1,0,2,20,0,9,0,1,131,140,2800
chicago-artists-coalition-1,11/3/2011,1,0,4,20,0,4,0,1,34,30,600
chicago-photo-safaris-4,5/13/2012,1,0,3,59,50,232,1,1,30,110,6490
chicago-premier-boat-rental-leasing,4/12/2012,1,0,4,78,61,185,0,1,59,70,5460
chicago-race-factory-2,1/28/2012,1,0,3,30,52,186,0,0,82,960,28800
chicago-race-factory-4,5/6/2012,1,0,3,30,52,185,0,1,73,470,14100
chicago-yacht-share,5/29/2012,1,0,3,119,60,95,0,1,16,20,2380
chicagos-finest-river-walk-tour-2,2/16/2012,1,0,4,20,60,104,1,0,50,910,18200
childrens-museum-oak-lawn,2/14/2012,1,0,3,6,50,127,0,1,174,1000,6000
cinemart-cinemas,1/26/2012,1,0,4,12,54,369,0,0,164,1000,12000
circle-line-downtown-1,5/11/2012,1,0,5,14,52,139,1,1,203,1000,14000
city-lights-cruises-3,7/25/2012,1,0,6,45,53,155,0,1,100,630,28350
citysolve-urban-race-chicago,6/30/2012,1,0,4,30,54,13,0,1,76,20,600
cobble-hill-new-york,1/31/2012,1,0,4,17,59,98,0,0,200,5000,85000
coffee-tea-festival,2/17/2012,1,0,3,10,57,8,0,1,0,310,3100
community-rowing-boathouse-1,5/18/2012,1,0,5,18,51,118,1,1,89,440,7920
coney-island-luna-park,4/12/2012,1,0,4,22,50,143,0,1,688,1000,22000
courageous-sailing-center-4,2/12/2012,1,0,8,95,50,134,1,1,43,250,23750
cowboy-jims-western-adventures-1,7/30/2012,1,0,5,35,53,126,0,1,32,180,6300
cpx-sports,7/30/2012,1,0,5,30,67,182,0,1,216,570,17100
crawfish-festival-at-z-hotel,7/9/2012,1,0,5,30,54,10,0,1,11,30,900
created-by-you,2/6/2012,1,0,3,15,52,191,0,0,27,150,2250
custom-rides-car-show-1,1/17/2012,1,0,3,12,54,5,0,1,27,230,2760
dc-624-amf-chicago-1,6/24/2012,1,0,3,15,64,70,0,0,3,80,1200
dc-brd-5-bar-karaoke-lounge,7/11/2012,1,0,7,25,54,122,0,0,128,140,3500
dc-brd-above-all-cruises,7/11/2012,1,0,7,14,44,122,0,1,169,400,5600
dc-brd-chicago-savvy-tours,7/11/2012,1,0,7,12,52,108,0,1,57,1000,12000
dc-brd-eskape-entertainment-center,7/11/2012,1,0,7,25,70,185,0,0,42,420,10500
dc-brd-jump-trax,7/11/2012,1,0,7,25,50,48,0,1,23,60,1500
dc-bs1-memories-and-beyond,7/25/2012,1,0,7,25,50,157,0,1,18,500,12500
dc-bth-boobs-and-tubes-new-york,7/18/2012,1,0,7,119,51,6,0,0,217,10,1190
dc-bth-cityside-harbor-shuttle,7/18/2012,1,0,7,30,50,55,0,0,148,130,3900
dc-bth-courageous-sailing-center,7/18/2012,1,0,7,95,50,70,0,0,14,40,3800
dc-bth-midtown-bike-shop,7/18/2012,1,0,7,10,50,185,0,1,15,130,1300
dc-fd2-dirtventures-atv-rentals,6/6/2012,1,0,7,59,50,97,0,1,58,130,7670
dc-fd2-gt-dream-cars,6/6/2012,1,0,7,49,79,385,0,1,307,1000,49000
dc-ghd-bike-and-roll-chicago,2/2/2012,1,0,6,59,50,238,0,1,32,350,20650
dc-ghd-fireside-bowl,2/2/2012,1,0,6,12,75,185,0,0,85,1000,12000
dc-ghd-frames-bowling-lounge,2/2/2012,1,0,6,26,52,129,0,0,63,810,21060
dc-ghd-long-live-paintball,2/2/2012,1,0,6,25,58,117,0,1,194,380,9500
dc-ghd-paint-for-fun,2/2/2012,1,0,6,25,50,185,0,1,9,10,250
dc-gmt-celebrity-planet-cupcake,6/27/2012,1,0,7,25,50,185,0,0,142,130,3250
dc-j41-gl-shop-class,6/20/2012,1,0,7,12,40,33,0,1,118,200,2400
dc-out-boating-in-boston,5/16/2012,1,0,7,249,38,31,0,1,10,60,14940
dc-out-cpx-sports-paintball,5/16/2012,1,0,7,30,67,185,0,0,455,690,20700
dc-out-fun-station,5/16/2012,1,0,7,10,50,122,0,0,21,110,1100
dc-val-david-anthony-art,1/27/2012,1,0,6,105,65,184,0,1,25,40,4200
dc-val-pickwick-theatre,2/9/2012,1,0,8,15,46,73,0,0,22,440,6600
dennis-pasamba-dance-company,5/14/2012,1,0,3,21,50,93,0,1,13,140,2940
depaul-university-soccer-camps,6/8/2012,1,0,3,99,51,3,0,1,2,20,1980
doug-foleys-drag-chicago,5/13/2012,1,0,3,74,50,30,0,1,60,50,3700
essex-river-cruises-and-charters,5/16/2012,1,0,5,14,50,135,0,1,53,1000,14000
facets-cinematheque,7/30/2012,1,0,4,16,50,183,0,1,23,440,7040
facets-cinematheque-chicago,1/12/2012,1,0,2,14,56,189,0,1,39,510,7140
family-fun-zone,5/9/2012,1,0,3,35,53,189,0,1,12,120,4200
fiamma-art-glass,6/13/2012,1,0,5,50,49,82,0,1,67,150,7500
fine-jewelry-school,5/8/2012,1,0,3,49,61,372,0,1,9,100,4900
firezone-1,2/4/2012,1,0,4,9,50,332,0,0,52,450,4050
flyers-boat-rentals,6/29/2012,1,0,5,15,50,33,0,1,15,80,1200
fox-paintball-4,7/3/2012,1,0,4,30,68,189,0,1,49,120,3600
fun-flatables-1,4/14/2012,1,0,3,19,58,186,0,1,89,590,11210
fun-station-3,5/8/2012,1,0,3,10,47,127,0,1,47,290,2900
funflatables-chicago,2/17/2012,1,0,3,19,58,124,0,0,0,990,18810
funtown-splashtown-usa-1,6/11/2012,1,0,5,25,50,82,0,1,274,1000,25000
funway-foxboro,5/31/2012,1,0,4,25,55,87,0,1,36,690,17250
funway-ultimate-entertainment-center-1,5/18/2012,1,0,3,25,55,124,0,1,41,770,19250
funway-ultimate-entertainment-center-2,6/3/2012,1,0,3,25,55,129,0,1,22,380,9500
gameworks-chicago-2,5/17/2012,1,0,4,20,56,187,0,1,289,5000,100000
get-real-ny-2,7/12/2012,1,0,2,36,60,2,1,1,55,290,10440
ghosts-new-york,1/22/2012,1,0,3,10,60,185,0,0,119,1000,10000
gl-20th-century-progression,5/3/2012,1,0,3,50,50,424,0,1,1,4,200
gl-4th-july-rooftop-beach-party,6/28/2012,1,0,6,29,53,3,0,1,476,1000,29000
gl-702-punchlines-and-pregnant,5/28/2012,1,0,3,30,55,13,0,1,0,1,30
gl-a-far-cry-chamber-orchestra,2/15/2012,1,0,5,24,56,7,0,1,14,40,960
gl-above-and-beyond,4/28/2012,1,0,3,20,46,14,0,1,321,590,11800
gl-acousticaelectronia-touch,2/1/2012,1,0,3,12,48,9,0,1,20,30,360
gl-ajkun-ballet-theatre,5/6/2012,1,0,3,16,48,17,0,1,7,140,2240
gl-ajkun-ballet-theatre-1,7/15/2012,1,0,3,21,49,33,1,1,5,30,630
gl-american-chamber-opera-company,4/14/2012,1,0,3,20,67,5,0,1,8,10,200
gl-american-chamber-opera-company-1,7/28/2012,1,0,4,20,56,12,0,1,30,70,1400
gl-animus-theatre-company,1/16/2012,1,0,3,10,50,13,0,1,7,80,800
gl-at-arie-crown-theater,5/7/2012,1,0,2,36,51,5,1,1,110,560,20160
gl-at-arie-crown-theater-1,6/22/2012,1,0,3,52,50,8,0,1,49,280,14560
gl-at-barclays-center-sports,7/30/2012,1,0,3,25,58,76,1,1,122,900,22500
gl-at-big-time-rush-17,6/15/2012,1,0,3,15,40,50,0,1,102,610,9150
gl-at-carnival-of-madness-boston,7/30/2012,1,0,3,20,62,7,1,1,48,150,3000
gl-at-chicago-fire-2,6/14/2012,1,0,3,25,57,9,0,1,211,1000,25000
gl-at-comcast-center,6/22/2012,1,0,3,24,49,65,1,1,72,250,6000
gl-at-country-throwdown,4/30/2012,1,0,3,25,50,61,0,1,121,320,8000
gl-at-country-throwdown-1,6/17/2012,1,0,3,19,64,13,0,1,90,140,2660
gl-at-first-midwest-bank-amphitheatre,6/22/2012,1,0,3,10,68,61,0,1,144,460,4600
gl-at-jones-beach-theater,7/23/2012,1,0,3,32,50,22,1,1,26,170,5440
gl-at-jones-beach-theater-2,7/18/2012,1,0,3,17,50,16,1,1,104,320,5440
gl-at-lmfao-with-far-east-movement-boston,6/27/2012,1,0,2,20,70,5,1,1,101,260,5200
gl-at-new-hampshire-speedway,6/28/2012,1,0,3,35,58,17,1,1,25,50,1750
gl-at-rialto-square-theatre-3,5/12/2012,1,0,4,30,50,7,0,1,47,350,10500
gl-at-s2bn-entertainment-promoters,7/2/2012,1,0,4,41,40,23,0,1,45,540,22140
gl-at-toyota-park,6/20/2012,1,0,3,10,52,23,0,1,56,350,3500
gl-at-train-your-dragon,6/21/2012,1,0,4,35,40,33,0,1,221,1000,35000
gl-at-train-your-dragon-boston,7/1/2012,1,0,4,38,40,9,0,1,93,540,20520
gl-at-uic-pavilion-2,5/29/2012,1,0,5,36,49,10,0,1,285,350,12600
gl-at-united-center,7/30/2012,1,0,3,25,58,72,0,1,124,940,23500
gl-at-yanni-new-york,5/31/2012,1,0,3,64,40,9,1,1,78,200,12800
gl-auditorium-theatre-batsheva,2/2/2012,1,0,3,15,62,44,0,1,39,240,3600
gl-barelycorn-schaumburg,6/13/2012,1,0,2,10,52,4,0,1,43,80,800
gl-big-apple-circus-1,5/6/2012,1,0,3,29,52,3,0,1,51,1000,29000
gl-big-apple-circus-2,5/15/2012,1,0,6,27,51,8,0,1,51,1000,27000
gl-big-apple-circus-3,5/25/2012,1,0,4,27,51,15,0,1,16,600,16200
gl-big-hearts-comedy-lowell,2/7/2012,1,0,2,33,49,8,0,1,0,20,660
gl-bmcc-tribeca-performing-arts-center,4/28/2012,1,0,3,8,53,6,0,1,1,30,240
gl-bmop,1/19/2012,1,0,3,19,53,8,0,1,5,30,570
gl-boston-university,1/26/2012,1,0,2,10,63,7,0,1,3,10,100
gl-brit-floyd,2/13/2012,1,0,3,25,49,40,0,1,25,140,3500
gl-brockton-rox,5/30/2012,1,0,4,16,50,70,0,1,36,270,4320
gl-burlesque-to-broadway,4/29/2012,1,0,3,45,50,19,0,1,99,10,450
gl-butterfiles-uncovered-theatre,1/31/2012,1,0,2,9,53,4,0,1,1,10,90
gl-bye-bye-liver-chicago,6/17/2012,1,0,3,20,50,5,0,1,177,510,10200
gl-cape-cod-melody-tent,7/10/2012,1,0,3,39,49,9,1,1,23,150,5850
gl-captivate-marketing-group-1,7/24/2012,1,0,3,54,50,26,1,1,166,330,17820
gl-carol-fox-associates-inc,5/18/2012,1,0,4,40,50,33,0,1,23,120,4800
gl-cause-i-love-you,2/8/2012,1,0,3,32,51,4,0,1,36,30,960
gl-cbb,1/23/2012,1,0,4,15,57,4,0,1,210,710,10650
gl-center-for-ballroom-dance,5/6/2012,1,0,3,11,50,5,0,1,17,210,2310
gl-central-square-theater,7/15/2012,1,0,4,66,50,349,0,1,47,80,5280
gl-charter-one-pavilion,5/10/2012,1,0,3,65,45,99,0,1,307,370,24050
gl-chicago-cubs,6/5/2012,1,0,3,99,51,8,0,1,356,1000,99000
gl-chicago-cubs-rooftops,6/22/2012,1,0,4,99,56,4,0,1,225,710,70290
gl-chicago-express,2/14/2012,1,0,2,22,50,12,0,1,13,150,3300
gl-chicago-philharmonic-orchestra-1,5/10/2012,1,0,3,40,50,9,0,1,12,40,1600
gl-chicago-rush-1,5/19/2012,1,0,3,20,64,15,0,1,9,120,2400
gl-chicago-sky-1,6/26/2012,1,0,3,20,55,5,0,1,24,130,2600
gl-chicago-slaughter,2/9/2012,1,0,3,6,54,10,0,1,36,1000,6000
gl-chicago-white-sox-chicago-1,7/25/2012,1,0,4,36,40,31,0,1,303,1,36
gl-chicago-white-sox-chicago-2,7/27/2012,1,0,4,36,40,29,0,1,231,1,36
gl-chicago-wolves-1,2/11/2012,1,0,4,18,53,3,0,1,44,520,9360
gl-chicago-youth-symphony-orchestras,5/1/2012,1,0,3,20,50,12,0,1,18,30,600
gl-chicagoland-speedway-route-66,5/11/2012,1,0,4,10,50,28,0,1,147,950,9500
gl-city-lit-theater,2/16/2012,1,0,4,18,50,7,0,1,1,10,180
gl-clearwater-music-festival-nyc,6/7/2012,1,0,4,42,51,8,0,1,31,100,4200
gl-collegiate-chorale,1/31/2012,1,0,2,17,51,4,0,1,7,20,340
gl-congress-theatre-1,7/14/2012,1,0,3,15,50,13,1,1,63,110,1650
gl-congress-theatre-matisyahu,7/10/2012,1,0,3,15,48,28,0,1,74,270,4050
gl-cro-ns-productions,2/7/2012,1,0,2,23,50,8,0,1,1,9,207
gl-cvs-caremark-charity-classic,5/15/2012,1,0,3,52,50,35,1,1,0,5,260
gl-dancing-queen,6/2/2012,1,0,3,50,50,12,0,1,15,160,8000
gl-dokken,4/30/2012,1,0,2,13,48,33,0,1,26,30,390
gl-dont-dress-for-dinner-1,6/8/2012,1,0,4,59,50,3,0,1,1,20,1180
gl-dora-the-explorer-1,4/12/2012,1,0,4,28,50,2,0,1,29,170,4760
gl-doyle-and-debbie,5/8/2012,1,0,2,25,52,3,1,1,6,220,5500
gl-drom-ny,1/30/2012,1,0,2,29,58,12,0,1,5,60,1740
gl-eat-your-heart-out,2/17/2012,1,0,3,15,50,8,0,1,0,1,15
gl-el-festival-cubano,6/24/2012,1,0,4,150,50,41,0,1,263,50,7500
gl-elbo-room,1/25/2012,1,0,3,20,85,220,0,1,31,170,3400
gl-empire-city-at-yonkers-raceway,7/13/2012,1,0,2,24,50,3,1,1,23,9,216
gl-faf-rhythms-of-one-world,6/17/2012,1,0,3,18,49,11,0,1,5,30,540
gl-firefly-festival-afterparty-1,7/2/2012,1,0,3,24,50,19,0,1,23,100,2400
gl-flashback-history-of-house,2/15/2012,1,0,3,15,67,9,0,1,158,200,3000
gl-gigantour-massconcerts,1/23/2012,1,0,3,31,50,6,0,1,77,70,2170
gl-girls-night-the-musical-6,5/12/2012,1,0,3,25,50,7,0,1,9,40,1000
gl-glen-matlock-reggies,2/12/2012,1,0,3,10,50,18,0,1,24,20,200
gl-gordon-spedding-reggies,1/16/2012,1,0,2,10,52,13,0,1,34,30,300
gl-gramercy-theatre,6/19/2012,1,0,3,10,64,107,0,1,7,40,400
gl-gramercy-theatre-1,7/13/2012,1,0,3,18,49,8,0,1,6,20,360
gl-green-music-fest,6/5/2012,1,0,3,11,50,19,0,1,322,780,8580
gl-harold-washington-chicago,1/27/2012,1,0,3,33,50,35,0,1,36,190,6270
gl-harris-theater-music-dance,7/18/2012,1,0,3,12,52,3,0,1,25,130,1560
gl-harvard-athletics-1,1/26/2012,1,0,4,10,50,4,0,1,22,220,2200
gl-hasty-pudding-theatricals,2/1/2012,1,0,5,19,50,1,0,1,8,40,760
gl-hot-8-band-freedom-hall,2/6/2012,1,0,2,15,52,5,0,1,0,60,900
gl-house-music-hot-mix,6/17/2012,1,0,6,15,67,9,0,1,393,100,1500
gl-house-of-blues-chicago-1,5/13/2012,1,0,3,12,63,5,0,1,27,7,84
gl-house-of-blues-chicago-2,7/24/2012,1,0,3,25,72,3,0,1,35,80,2000
gl-house-of-blues-chicago-3,7/20/2012,1,0,3,25,72,6,0,1,53,30,750
gl-imagination-movers-rockomatic-tour,4/30/2012,1,0,2,18,54,5,1,1,2,40,720
gl-improv-asylum,6/15/2012,1,0,4,30,40,92,0,1,42,320,9600
gl-international-festival-of-life,6/3/2012,1,0,3,7,53,35,0,1,74,340,2380
gl-iowa-pacific,6/27/2012,1,0,3,24,51,3,0,1,182,70,1680
gl-irish-arts-center,4/29/2012,1,0,2,25,61,4,1,1,6,2,50
gl-irish-heritage-festival,6/13/2012,1,0,3,20,50,32,0,1,268,510,10200
gl-james-mccartney,6/5/2012,1,0,2,15,48,3,1,1,4,4,60
gl-jenny-q-chai,4/14/2012,1,0,4,20,57,4,0,1,6,8,160
gl-joe-masse-downtown-comedy,1/18/2012,1,0,2,9,59,12,0,1,3,10,90
gl-jokes-and-notes-1,2/15/2012,1,0,3,10,50,9,0,1,5,100,1000
gl-joliet-slammers,4/29/2012,1,0,3,10,71,23,0,1,79,230,2300
gl-joliet-slammers-1,6/30/2012,1,0,3,20,51,3,0,1,21,260,5200
gl-jose-limon-dance-company,6/19/2012,1,0,2,35,49,5,0,1,9,50,1750
gl-kiss-kiss-cabaret-club,6/30/2012,1,0,4,24,57,180,0,1,38,220,5280
gl-korn-react-presents,2/2/2012,1,0,4,24,48,21,0,1,204,380,9120
gl-lamb-of-god-and-dethklok,5/17/2012,1,0,3,20,50,96,0,1,294,1,20
gl-laugh-out-loud-chicago-1,1/26/2012,1,0,2,10,55,219,0,1,53,1000,10000
gl-laughing-devil-comedy-club,5/9/2012,1,0,3,20,50,11,0,1,6,10,200
gl-live-in-theater-productions,5/1/2012,1,0,3,25,51,4,0,1,19,170,4250
gl-loyola-fine-arts,2/1/2012,1,0,3,7,53,18,0,1,15,40,280
gl-lucky-boys-confusion-shop-class,12/15/2011,1,0,2,14,44,17,0,1,113,140,1960
gl-lynn-auditorium-boston,2/1/2012,1,0,2,15,52,19,0,1,12,90,1350
gl-marriage-of-figaro-lucky-ten,11/23/2011,1,0,4,30,50,17,0,1,0,5,150
gl-metropolitan-room,5/7/2012,1,0,3,49,69,191,1,0,59,330,16170
gl-metropolitan-room-1,7/11/2012,1,0,4,39,72,125,0,1,23,190,7410
gl-millennium-theatre,5/7/2012,1,0,3,28,50,40,0,1,19,90,2520
gl-millennium-theatre-1,6/5/2012,1,0,5,28,50,9,0,1,45,90,2520
gl-millennium-theatre-2,7/26/2012,1,0,6,28,49,14,0,1,39,200,5600
gl-mpaact,1/30/2012,1,0,3,10,57,10,0,1,12,60,600
gl-musical-chairs-world-championship,6/6/2012,1,0,2,35,56,11,1,1,280,20,700
gl-my-sinatra-1,7/22/2012,1,0,3,30,61,42,1,1,29,250,7500
gl-national-pastime-theater,2/8/2012,1,0,3,30,50,6,0,1,9,10,300
gl-new-hampshire-fisher-cats,5/6/2012,1,0,3,24,50,4,1,1,19,90,2160
gl-new-millennium-orchestra,2/11/2012,1,0,4,20,60,11,0,1,25,80,1600
gl-new-york-sportimes,7/9/2012,1,0,2,15,50,2,1,1,1,20,300
gl-nick-carter-hob-chicago,2/8/2012,1,0,2,30,68,4,0,1,117,90,2700
gl-niu-convocation-tpain,2/6/2012,1,0,2,19,49,5,0,1,7,30,570
gl-noches-de-rock-shop-class,1/17/2012,1,0,2,6,54,9,0,1,10,20,120
gl-nolafunk,5/13/2012,1,0,3,30,51,5,0,1,10,40,1200
gl-north-central-college,5/15/2012,1,0,3,16,50,5,0,1,130,160,2560
gl-north-plan-theater-wit,2/12/2012,1,0,3,12,50,11,0,1,15,30,360
gl-north-shore-navigators,5/16/2012,1,0,3,10,50,43,1,1,17,50,500
gl-ny-opera-exchange,1/14/2012,1,0,3,20,51,7,0,1,3,10,200
gl-octavarius,7/5/2012,1,0,4,20,55,177,0,1,30,70,1400
gl-ogunquit-playhouse-1,5/17/2012,1,0,3,25,54,8,1,1,11,190,4750
gl-petite-messe-solennellle-dgcs,2/9/2012,1,0,3,20,50,16,0,1,2,3,60
gl-players-theatre,2/9/2012,1,0,2,13,52,4,0,1,5,60,780
gl-princess-and-the-pea,2/7/2012,1,0,2,8,50,4,0,1,12,30,240
gl-profiles-theatre-1,5/12/2012,1,0,3,40,50,15,0,1,14,8,320
gl-rebirth-brass-band,2/16/2012,1,0,4,15,48,15,0,1,18,260,3900
gl-reggies-anvil,2/6/2012,1,0,3,12,52,17,0,1,29,10,120
gl-rialto-square-theatre,1/17/2012,1,0,2,19,59,9,0,1,23,370,7030
gl-rib-vajer-jokes-and-notes,1/31/2012,1,0,2,10,50,4,0,1,15,70,700
gl-risky-productions,7/19/2012,1,0,2,123,35,11,0,1,50,40,4920
gl-river-north-dance-chicago,2/2/2012,1,0,3,60,50,8,0,1,13,50,3000
gl-riverfront-theater-chicago-1,7/1/2012,1,0,5,29,51,15,0,1,13,100,2900
gl-riverfront-theatre-chicago,5/24/2012,1,0,3,42,51,13,0,1,26,60,2520
gl-rocks-off-entertainment,5/27/2012,1,0,3,18,49,8,0,1,20,80,1440
gl-roger-clyne-the-peacemakers,4/12/2012,1,0,3,12,48,72,0,1,15,70,840
gl-rogue-productions,2/13/2012,1,0,3,15,56,168,0,0,2,50,750
gl-route-66,6/24/2012,1,0,3,16,53,5,0,1,10,420,6720
gl-roy-arias-studios,6/30/2012,1,0,4,19,76,94,0,0,13,170,3230
gl-schaumburg-boomers,5/20/2012,1,0,3,29,50,8,0,1,17,100,2900
gl-schaumburg-boomers-1,6/26/2012,1,0,3,29,50,12,0,1,7,30,870
gl-sebastian-bach-shop-class,1/26/2012,1,0,3,15,40,13,0,1,86,110,1650
gl-second-stage-chicago,1/28/2012,1,0,3,17,51,5,0,1,2,10,170
gl-second-stage-theatre,6/24/2012,1,0,3,42,50,49,0,1,3,10,420
gl-shake-rattle-roll-dueling-pianos,6/27/2012,1,0,8,25,54,178,0,0,19,90,2250
gl-shatners-world-auditorium-theatre,2/16/2012,1,0,5,33,49,27,0,1,24,160,5280
gl-shedd-aquarium,6/15/2012,1,0,4,18,50,11,0,1,1046,5000,90000
gl-shop-class-2,6/29/2012,1,0,3,12,40,28,0,1,11,70,840
gl-si-comedy-fest,4/12/2012,1,0,3,12,52,8,0,1,29,50,600
gl-sirens-citadel-theatre,1/31/2012,1,0,3,36,51,9,0,1,4,8,288
gl-skokie-valley-chicago,2/15/2012,1,0,3,40,51,60,0,1,1,10,400
gl-smithfest-events,6/8/2012,1,0,4,35,56,7,0,1,131,10,350
gl-soho-playhouse,5/1/2012,1,0,2,20,49,3,0,1,1,7,140
gl-songs-mother-taught-paramount-theatre,2/7/2012,1,0,4,15,57,3,0,1,19,670,10050
gl-spiegelworld-new-york,7/23/2012,1,0,9,49,45,33,0,0,46,0,0
gl-stained-glass-coffeehouse,2/13/2012,1,0,3,24,51,5,0,1,3,7,168
gl-staten-island-yankees,7/25/2012,1,0,6,15,69,24,0,1,29,200,3000
gl-stripped-the-play,5/16/2012,1,0,3,25,50,38,0,1,45,80,2000
gl-taste-concert-series,7/1/2012,1,0,4,25,0,9,0,1,26,280,7000
gl-teatro-luna-1,2/9/2012,1,0,3,15,55,3,0,1,11,70,1050
gl-the-comedy-shrine-theater-4,5/16/2012,1,0,2,13,50,108,1,1,6,60,780
gl-the-cult-with-against-me,5/29/2012,1,0,4,13,50,2,0,1,139,190,2470
gl-the-dan-band-1,6/7/2012,1,0,2,18,49,3,1,1,10,60,1080
gl-the-harold-washington-1,7/18/2012,1,0,4,40,50,8,0,1,77,150,6000
gl-the-news-by-jacobtv-a-reality-opera,4/29/2012,1,0,3,10,52,5,0,1,6,4,40
gl-theori-stages-1,2/13/2012,1,0,3,25,55,17,0,1,38,40,1000
gl-threesixty-theatre-chicago,5/19/2012,1,0,4,42,51,11,0,1,8,90,3780
gl-thunderbolts,7/8/2012,1,0,4,19,50,61,0,1,21,270,5130
gl-traces,7/20/2012,1,0,6,39,55,3,0,1,39,860,33540
gl-triassac-parq,6/28/2012,1,0,3,33,48,4,0,1,13,10,330
gl-trippin-billies-shop-class,2/11/2012,1,0,4,10,47,5,0,1,28,70,700
gl-tsx-operating-co,7/11/2012,1,0,8,13,50,39,0,0,429,5000,65000
gl-undead-music-festival,5/6/2012,1,0,3,15,50,3,0,1,18,60,900
gl-united-pies-inc,6/9/2012,1,0,3,20,52,0,0,1,3,10,200
gl-viva-aragon-entertainment,6/1/2012,1,0,3,15,61,15,0,1,130,60,900
gl-viva-aragon-entertainment-1,6/5/2012,1,0,3,10,50,96,0,0,137,190,1900
gl-wavefront-music-festival-1,6/27/2012,1,0,2,20,50,3,1,1,176,150,3000
gl-webster-hall-1,7/22/2012,1,0,3,10,73,5,0,1,52,110,1100
gl-wellesley-symphony-orchestra,1/25/2012,1,0,5,25,50,16,0,1,1,20,500
gl-wgbh,7/9/2012,1,0,4,10,50,4,0,1,30,170,1700
gl-willy-torres-latin-street-dancing,2/14/2012,1,0,2,12,54,3,0,1,10,10,120
gl-wind-power-aco,2/7/2012,1,0,3,12,52,4,0,1,7,70,840
gl-windy-city-fight-night,2/10/2012,1,0,3,18,42,14,0,1,28,240,4320
gl-with-that-said-lol,2/14/2012,1,0,2,10,50,3,0,1,6,10,100
gl-worcester-tornadoes-6,7/25/2012,1,0,4,18,50,36,0,1,7,60,1080
gl-world-festival-chicago,7/31/2012,1,0,2,22,58,4,0,1,20,30,660
gl-wrigley-view-rooftop-2,5/3/2012,1,0,3,90,58,4,0,1,68,250,22500
gl-wrigley-view-rooftop-3,7/11/2012,1,0,4,99,61,10,0,1,73,30,2970
gl-wrigley-view-rooftop-4,7/18/2012,1,0,5,99,61,2,0,1,265,650,64350
gl-xfo-44-mma,6/5/2012,1,0,3,17,50,11,0,1,78,230,3910
gl-yello-dubmarine-cubby-bear,5/8/2012,1,0,2,20,50,53,0,1,6,10,200
gl-your-funniest-friends,2/8/2012,1,0,3,10,57,3,0,1,17,60,600
gl-zarkana-cirque-du-soleil-new-york-2,7/26/2012,1,0,5,54,49,36,0,1,143,0,0
gl-zastrozzi-viaduct-theater-1,1/25/2012,1,0,3,10,50,14,0,1,13,10,100
gl-zoe-dance,1/16/2012,1,0,2,12,48,7,0,1,13,10,120
gl-zoppe-family-circus,6/26/2012,1,0,3,26,51,22,0,1,21,130,3380
great-lakes-board-company-1,2/14/2012,1,0,3,164,53,215,0,1,45,70,11480
great-urban-race,7/31/2012,1,0,3,60,50,4,1,1,63,90,5400
gsoutfitting-boston,1/29/2012,1,0,5,135,51,190,0,1,11,50,6750
gt-dream-cars-13,6/18/2012,1,0,3,59,67,366,1,1,227,500,29500
gt-dream-cars-new-york,6/15/2012,1,0,4,59,67,368,0,1,99,430,25370
gymboree-play-music-7,5/25/2012,1,0,5,89,76,98,0,1,58,250,22250
hall-quarry-beach-batavia-park-district,7/28/2012,1,0,4,20,50,382,0,1,19,320,6400
hampton-beach-parasail-and-jet-ski,5/13/2012,1,0,5,59,53,108,0,1,61,170,10030
hampton-luxury-liner-5,4/14/2012,1,0,4,149,57,105,0,1,29,120,17880
hampton-luxury-liner-7,5/26/2012,1,0,4,149,57,63,0,1,39,150,22350
hampton-luxury-liner-nyc-2,1/26/2012,1,0,4,149,57,64,0,0,31,170,25330
haunted-boston-ghost-tours-2,5/25/2012,1,0,5,18,50,126,0,1,93,470,8460
haunted-hometowns-1,6/20/2012,1,0,3,20,50,102,0,1,249,480,9600
helen-h-fleet,7/3/2012,1,0,6,49,43,59,0,1,99,1000,49000
historic-richmond-town-5,2/9/2012,1,0,3,29,72,15,0,0,30,150,4350
illinois-skydiving-center-4,4/28/2012,1,0,4,119,40,185,0,1,126,30,3570
imagine-that-10,7/31/2012,1,0,5,9,53,90,0,0,13,50,450
indiana-botanic-gardens-inc,7/30/2012,1,0,4,15,50,92,0,1,8,30,450
institute-of-contemporary-art-4,1/12/2012,1,0,5,32,51,158,1,1,91,1000,32000
intrigue-dance-4,2/11/2012,1,0,3,59,55,186,0,1,15,100,5900
island-current,5/15/2012,1,0,4,29,55,189,0,1,39,700,20300
island-current-fleet,5/8/2012,1,0,5,29,55,188,0,1,125,1000,29000
jewish-museum-ny,7/16/2012,1,0,4,39,57,92,0,1,14,60,2340
jorday-riveras-dance-studio,2/15/2012,1,0,3,29,66,189,0,0,58,150,4350
jorday-riveras-dance-studio-1,5/13/2012,1,0,3,29,66,185,0,1,28,80,2320
jump-around-parties-playdates,1/31/2012,1,0,4,25,52,189,0,0,33,180,4500
kew-gardens-cinemas,1/26/2012,1,0,3,15,59,97,0,0,147,1000,15000
kidville-3,5/14/2012,1,0,4,59,71,47,0,1,16,260,15340
king-richards-faire-2,7/19/2012,1,0,6,29,50,56,0,1,1596,1000,29000
la-gondola-6,5/1/2012,1,0,4,79,56,59,0,1,28,120,9480
larz-anderson-auto-museum-3,7/30/2012,1,0,5,18,55,91,0,1,22,370,6660
legendary-excursions-chicago,1/20/2012,1,0,4,69,65,43,0,1,38,1,69
let-s-ride-rentals,5/6/2012,1,0,5,65,45,176,0,1,13,30,1950
lincolnwood-wine-expo,6/6/2012,1,0,2,19,62,5,0,1,25,70,1330
liquid-planet-water-park-3,6/21/2012,1,0,6,18,54,70,0,1,218,1000,18000
locals-surf-school-llc,4/13/2012,1,0,3,39,51,140,0,1,199,410,15990
longwood-gardens-new-york-1,1/27/2012,1,0,5,9,50,62,0,0,3,60,540
look-what-i-made,6/15/2012,1,0,5,20,50,108,0,1,11,80,1600
luke-adams-glass-4,5/29/2012,1,0,5,45,50,188,0,1,30,240,10800
luna-park-at-coney-island-3,5/15/2012,1,0,5,22,50,109,0,1,695,1000,22000
magic-waters-9,7/31/2012,1,0,4,24,50,18,0,1,71,320,7680
major-league-bocce-boston,6/2/2012,1,0,4,29,52,5,0,1,25,20,580
manhattan-helicopters-2,1/26/2012,1,0,4,149,32,187,0,0,25,110,16390
manhattan-kayak-company-4,5/19/2012,1,0,4,39,51,133,0,1,73,640,24960
mccormick-bridgehouse-chicago-river,7/21/2012,1,0,4,8,50,98,0,1,38,420,3360
medieval-times-chicago,1/20/2012,1,0,4,39,42,1,0,1,83,410,15990
midwestern-helicopter-1,7/13/2012,1,0,5,149,50,185,0,1,4,10,1490
monkey-zone,7/23/2012,1,0,4,10,55,1812,0,1,28,410,4100
morgans-thunder-bowl,2/16/2012,1,0,3,25,71,188,0,1,40,1000,25000
movie-world-cinemas,4/30/2012,1,0,4,9,53,92,0,0,52,1000,9000
murder-mystery-inc-1,6/9/2012,1,0,2,99,50,187,1,1,59,280,27720
museum-city-new-york,7/1/2012,1,0,7,10,50,181,0,1,46,790,7900
museum-of-sex-2,2/2/2012,1,0,4,19,50,187,1,0,242,1000,19000
must-see-central-park,6/19/2012,1,0,6,10,50,187,0,1,178,1000,10000
national-golf-expo,2/16/2012,1,0,4,24,50,16,0,1,23,260,6240
national-museum-of-crime-and-punishment-11,2/2/2012,1,0,3,9,55,65,0,0,12,60,540
national-vietnam-veterans-art-museum,5/11/2012,1,0,3,10,50,145,0,1,8,90,900
new-museum,1/31/2012,1,0,3,30,50,2,0,0,31,140,4200
new-york-cinema-village,2/1/2012,1,0,3,6,50,2,0,1,53,410,2460
new-york-sailing-school-2,7/5/2012,1,0,5,99,51,85,0,1,14,40,3960
new-york-water-taxi-and-circle-line-new-york,5/30/2012,1,0,5,14,52,124,0,1,311,1000,14000
nuyorican-poets-cafe,1/28/2012,1,0,4,15,56,129,0,0,58,310,4650
oak-forest-bowl,6/8/2012,1,0,3,25,71,187,0,1,15,510,12750
odyssey-cruises-chicago,6/7/2012,1,0,4,59,49,143,0,1,274,1000,59000
odyssey-fun-world-2,6/27/2012,1,0,4,18,50,66,0,1,96,1000,18000
ohare-paintball-park-1,2/9/2012,1,0,4,30,54,187,0,0,147,910,27300
olinville-arms,5/14/2012,1,0,4,39,72,190,0,1,207,340,13260
olinville-arms-co,2/16/2012,1,0,4,39,72,187,0,0,100,890,34710
olly-olly-play-cafe-1,4/29/2012,1,0,3,25,58,185,0,1,12,210,5250
onboard-tours-ny,2/17/2012,1,0,3,29,52,119,0,1,0,190,5510
one-stop-fun-5,6/1/2012,1,0,5,35,53,89,0,1,55,450,15750
operation-paintball-chicago-1,6/16/2012,1,0,3,30,60,186,0,1,27,40,1200
orland-bowl,5/14/2012,1,0,3,29,65,170,0,1,50,520,15080
paddle-and-trail-3,6/2/2012,1,0,3,50,50,59,0,1,61,130,6500
paper-crown-gallery,4/14/2012,1,0,3,30,65,158,0,1,25,90,2700
paramotor-tours-4,2/9/2012,1,0,6,75,50,428,1,0,86,270,20250
paramotor-tours-6,5/18/2012,1,0,6,109,64,366,0,1,173,240,26160
paramotor-tours-boston,7/19/2012,1,0,6,109,64,362,0,1,196,240,26160
party-time-palace-1,6/22/2012,1,0,3,150,41,161,0,1,23,140,21000
pedal-pub-chicago,5/6/2012,1,0,3,149,61,185,0,1,65,20,2980
peggy-notebaert-nature-museum-3,5/1/2012,1,0,3,30,50,92,0,1,31,410,12300
pelham-picture-house,1/12/2012,1,0,3,18,51,188,0,1,10,150,2700
penobscot-adventures-3,7/30/2012,1,0,5,99,55,363,0,1,70,50,4950
phat-tire-bike-tours,6/16/2012,1,0,6,49,51,134,0,1,1,5,245
play-23,5/11/2012,1,0,4,15,50,186,0,1,65,300,4500
polluted-eyeball,2/15/2012,1,0,3,35,56,135,0,0,46,170,5950
putting-edge-chicago-1,5/13/2012,1,0,3,10,52,110,0,0,30,710,7100
randolph-recreation,1/27/2012,1,0,4,40,68,375,0,1,31,60,2400
reznik-studios-nyc,1/20/2012,1,0,3,29,71,96,0,0,2,100,2900
rib-adventure-tours-1,5/14/2012,1,0,5,45,63,42,0,1,29,220,9900
richmond-hunting-club-1,2/16/2012,1,0,4,92,46,365,0,1,8,170,15640
robin-hood-springtime-festival-3,5/7/2012,1,0,4,16,50,5,0,1,22,20,320
rockys-fun-house-miniature-golf,1/30/2012,1,0,2,7,53,185,0,0,21,190,1330
rotorzen-helicopters-3,7/29/2012,1,0,5,79,60,365,0,1,46,100,7900
rusty-wallace-chicago-1,7/8/2012,1,0,4,64,50,83,0,1,25,70,4480
s-s-badger,7/29/2012,1,0,6,149,54,74,0,1,23,10,1490
s3-leagues,6/26/2012,1,0,5,49,57,21,0,1,4,40,1960
s3-singles-social-sports-leagues-1,4/14/2012,1,0,3,55,52,6,0,1,24,30,1650
s3-singles-social-sports-leagues-chicago,6/24/2012,1,0,3,55,52,8,0,1,68,110,6050
school-product-yarn,6/8/2012,1,0,4,25,50,123,0,1,21,190,4750
seabreeze-charter-1,5/7/2012,1,0,3,180,50,511,0,1,57,90,16200
seabreeze-charter-2,5/27/2012,1,0,3,180,50,126,0,1,39,60,10800
seacoast-sailing-boston,6/21/2012,1,0,5,99,50,12,1,1,22,210,20790
seadog-cruises-chicago-4,6/27/2012,1,0,4,16,47,94,0,1,540,5000,80000
serpent-safari,1/21/2012,1,0,2,14,50,187,0,0,25,490,6860
signature-segway-adventures,7/17/2012,1,0,4,39,51,75,0,1,118,820,31980
sky-zone-everett,7/27/2012,1,0,5,12,50,35,0,1,384,1000,12000
skyventure-new-hampshire-boston-3,7/28/2012,1,0,6,55,42,107,0,1,204,1000,55000
skyventure-new-hampshire-ny,7/30/2012,1,0,6,55,42,105,0,1,33,30,1650
skyventure-ny,1/20/2012,1,0,3,55,42,255,0,0,11,60,3300
spins-bowl-llc-1,1/11/2012,1,0,3,19,60,189,0,1,8,90,1710
sportations-chicago-2,2/17/2012,1,0,4,139,50,375,0,1,0,100,13900
sportations-chicago-4,7/15/2012,1,0,3,139,47,367,0,1,95,60,8340
sportations-chicago-5,7/28/2012,1,0,3,149,47,368,0,0,55,70,10430
sportations-new-york-1,5/14/2012,1,0,4,149,49,365,0,1,142,170,25330
sportations-nyc-1,7/14/2012,1,0,4,139,50,367,0,0,561,190,26410
stardust-bowl-ii,4/28/2012,1,0,3,19,69,125,0,1,49,1000,19000
suevel-studios-2,6/5/2012,1,0,3,30,50,274,0,1,23,340,10200
suevel-studios-chicago-1,1/27/2012,1,0,3,30,50,187,0,0,15,160,4800
sun-aero-helicopters-3,5/19/2012,1,0,6,99,40,365,0,1,65,300,29700
sun-aero-helicopters-inc-chicago,6/12/2012,1,0,5,99,40,370,0,1,64,230,22770
tall-ship-adventures-of-chicago-2,7/11/2012,1,0,4,15,50,83,0,1,154,1000,15000
tall-ship-red-witch-llc,4/30/2012,1,0,3,67,51,123,0,1,20,150,10050
taltree-arboretum-gardens-1,2/12/2012,1,0,3,20,50,66,0,0,49,250,5000
taste-of-allston-1,6/3/2012,1,0,5,20,50,4,0,1,44,130,2600
team-combat-live,5/20/2012,1,0,3,79,51,122,0,1,32,30,2370
the-badlandz-paintball-field-3,5/12/2012,1,0,3,46,52,111,0,1,42,70,3220
the-bloomfield-school,4/14/2012,1,0,4,75,63,122,0,1,23,90,6750
the-butterfly-place-boston,2/9/2012,1,0,4,12,50,264,0,0,160,1000,12000
the-copacabana,1/20/2012,1,0,5,59,58,185,1,0,60,810,47790
the-gladiator-assault-challenge-chicago,2/4/2012,1,0,3,49,59,48,0,1,148,370,18130
the-murder-mystery-company-30,7/13/2012,1,0,4,29,52,95,0,1,113,580,16820
the-new-york-botanical-garden-2,1/27/2012,1,0,4,10,50,64,0,0,38,530,5300
the-nonverbal-group,7/31/2012,1,0,5,29,71,363,0,1,18,290,8410
the-northwest-passage-3,5/12/2012,1,0,3,29,52,368,0,1,48,590,17110
the-original-tremont-tearoom-boston-1,1/23/2012,1,0,4,29,52,190,1,0,61,610,17690
the-pink-sneaker,1/22/2012,1,0,3,29,55,185,0,0,12,90,2610
two-brothers-farm,7/28/2012,1,0,4,10,50,185,0,1,5,30,300
unlimited-biking,7/28/2012,1,0,5,49,51,184,0,1,13,20,980
urban-dare-3,5/8/2012,1,0,3,45,50,32,0,0,168,240,10800
urban-dare-7,5/13/2012,1,0,4,45,50,5,1,0,61,60,2700
urban-dare-nyc,4/12/2012,1,0,4,45,50,29,0,1,69,150,6750
us-rafting-2,2/3/2012,1,0,5,49,62,230,1,1,180,970,47530
valastro-international-academy,1/18/2012,1,0,3,39,72,189,1,0,335,1000,39000
vertical-dreams-1,7/20/2012,1,0,5,39,65,178,0,1,35,160,6240
vertical-dreams-2,7/27/2012,1,0,4,39,65,172,1,1,15,100,3900
victoria-mansion-1,6/12/2012,1,0,5,15,50,78,0,1,4,20,300
victory-archers-2,4/30/2012,1,0,3,10,50,184,0,1,190,750,7500
victory-archers-new-york,1/26/2012,1,0,4,10,50,187,0,0,30,350,3500
vintage-bicycle-tours-1,4/28/2012,1,0,3,75,53,151,0,1,3,30,2250
waterfront-enterprises-parent,6/12/2012,1,0,5,25,42,79,0,1,83,1000,25000
wateriders,5/8/2012,1,0,3,24,52,176,0,1,147,630,15120
wateriders-1,6/25/2012,1,0,3,119,54,112,0,1,223,220,26180
wecyclenyc,6/27/2012,1,0,4,12,52,97,0,1,83,60,720
whitewater-challengers-9,5/2/2012,1,0,5,45,54,164,0,1,110,170,7650
world-domination-events,6/23/2012,1,0,8,149,67,52,0,1,116,150,22350
xtreme-xperience-chicago,7/27/2012,1,0,4,159,60,29,0,1,104,130,20670
your-neighborhood-theatre,4/12/2012,1,0,4,19,51,187,0,1,93,1000,19000
yu-kids-island,5/1/2012,1,0,3,28,53,99,0,1,214,820,22960
